https://upload.wikimedia.org/wikipedia/commons/3/37/African_Bush_Elephant.jpg,
https://upload.wikimedia.org/wikipedia/commons/6/63/African_elephant_warning_raised_trunk.jpg,
https://defenders.org/sites/default/files/styles/homepage-feature-2015/public/elephant_chris-royle.png?itok=Ysg8HkfS,
https://c402277.ssl.cf1.rackcdn.com/photos/11552/images/hero_full/rsz_namibia_will_burrard_lucas_wwf_us_1.jpg?1462219623,
http://images.mentalfloss.com/sites/default/files/styles/mf_image_16x9/public/92135118.jpg?itok=kp7Xksl6&resize=1100x619,
https://c402277.ssl.cf1.rackcdn.com/photos/1139/images/story_full_width/elephants_8.1.2012_whytheymatter1_HI_247511.jpg?1345586857,
https://media.cntraveler.com/photos/5a0efefba15d3804847cb88b/master/w_1200,c_limit/elephant-vid-tout.jpg,
http://assets.worldwildlife.org/photos/11048/images/story_full_width/rsz_namibia_will_burrard_lucas_wwf_us_2.jpg?1461768823,
https://img.washingtonpost.com/wp-apps/imrs.php?src=https://img.washingtonpost.com/rf/image_960w/2010-2019/WashingtonPost/2015/10/08/Production/Health/Images/03902456-UZVE.jpg&w=480,
https://i.ytimg.com/vi/ytTa8QT7dmA/maxresdefault.jpg,
https://upload.wikimedia.org/wikipedia/commons/thumb/6/6a/African_Forest_Elephant.jpg/200px-African_Forest_Elephant.jpg,
https://assets.nrdc.org/sites/default/files/styles/full_content/public/media-uploads/wlds43_654640_2400.jpg?itok=2eXbSQ8S,
http://www.slate.com/content/dam/slate/articles/health_and_science/science/2017/11/171116_SCI_trophyElephant2.jpg.CROP.promo-xlarge2.jpg,
https://www.elephantnaturepark.org/wp-content/uploads/layerslider/HomeSlider/Shortpark_02.jpg,
https://hluhluwegamereserve.com/wp-content/uploads/2017/10/IMG_1890-1024x683.jpg,
https://i.ytimg.com/vi/SNggmeilXDQ/maxresdefault.jpg,
https://res.cloudinary.com/dk-find-out/image/upload/q_80,w_1920,f_auto/MA_00077427_yjtgnj.jpg,
https://www.elephantvoices.org/images/stories/databases/call_types_front_750w.jpg,
https://i.ytimg.com/vi/6V_AnUCnMTo/maxresdefault.jpg,
https://d3i6fh83elv35t.cloudfront.net/newshour/app/uploads/2015/05/542106059-1024x683.jpg,
https://ecowatchroar-img.rbl.ms/simage/https%3A%2F%2Fassets.rbl.ms%2F17400075%2F980x.jpg/2000%2C2000/%2Blix%2Fe9xknd%2Fa2i3/img.jpg,
https://nationalzoo.si.edu/sites/default/files/animals/elephant-003.jpg,
https://fsmedia.imgix.net/96/d6/04/d4/210c/41e5/81d5/2a8e3c2a3d64/old-bull-elephant-in-the-ngorongoro-crater.jpeg,
https://icdn2.digitaltrends.com/image/elephant-head-on.jpg,
https://cdn.britannica.com/98/94698-004-72F7F391.jpg,
https://takeshape-prod.imgix.net/1f1d0876-be74-4b33-99c8-6ac93f1d70db%2Fdev%2F6d5ef4e7-5b3c-4b10-9e7f-5e9693dd75ed%2FTwo%20elephants-Mpumalanga%2C%20South%20Africa-CC-Bernard%20Dupont-2016.jpg?auto=compress%2Cformat&w=1200,
https://www.awf.org/sites/default/files/styles/gallery_thumb/public/media-youtube/yTeXi-R0Pgw.jpg?itok=uqqVspl4,
https://media.istockphoto.com/photos/elephant-isolated-on-white-with-clipping-path-included-picture-id166228761?k=6&m=166228761&s=612x612&w=0&h=UcaHnTm_s1UgiTJKc8fRjYOSxsbdM3eCWAFICbKPXmA=,
http://animal-dream.com/data_images/elephant/elephant23.jpg,
https://timedotcom.files.wordpress.com/2017/11/elephant-fws-trump.jpg,
https://cdn.images.express.co.uk/img/dynamic/128/590x/baby-elephant-football-815098.jpg,
https://iso.500px.com/wp-content/uploads/2014/08/2048-5.jpg,
https://www.ctvnews.ca/polopoly_fs/1.3819957.1519686313!/httpImage/image.jpg_gen/derivatives/landscape_620/image.jpg,
https://conservationaction.co.za/wp-content/uploads/2015/07/Elephants-at-water.jpg,
https://www.nationalgeographic.com/content/dam/animals/thumbs/rights-exempt/mammals/a/african-elephant_thumb.ngsversion.1474903828139.adapt.1900.1.JPG,
https://img.purch.com/rc/300x200/aHR0cDovL3d3dy5saXZlc2NpZW5jZS5jb20vaW1hZ2VzL2kvMDAwLzAzNi85ODgvb3JpZ2luYWwvZWxlcGhhbnRzLmpwZw==,
https://www.elephantsdeli.com/wp-content/uploads/2017/09/elephants-delicatessen-chalk-elemail.png,
https://hips.hearstapps.com/htv-prod/images/elephant-1524049984.jpg,
https://i.guim.co.uk/img/media/d491dde16913c5f6870527b28e03569f306261a1/0_0_1920_1080/1920.jpg?w=1280&h=720&q=55&auto=format&usm=12&fit=max&s=443b97736eabae96318767652ea61a56,
https://us-east-1.tchyn.io/snopes-production/uploads/2011/07/elephant.jpg,
https://secure.defenders.org/ac/img/adoptions/plushes/large/elephant--largeplush.jpg,
http://images.mentalfloss.com/sites/default/files/styles/mf_image_16x9/public/451244723_0.png?itok=kz_lFLSB&resize=1100x619,
http://i.huffpost.com/gen/4770790/images/o-ELEPHANT-facebook.jpg,
https://cdn.britannica.com/700x450/81/178681-004-41E18D59.jpg,
https://cdn.cnn.com/cnnnext/dam/assets/170713143225-friends-of-the-asian-elephant-thailand-super-169.jpg,
https://elephant-site.s3.amazonaws.com/images/elephant-loader.gif,
https://elephants-media.s3.amazonaws.com/images/399/original/Flora%20ears%20out%20carrying%20limb_0002AA.jpg,
https://secure.img2-ag.wfcdn.com/im/72814493/resize-h310-w310%5Ecompr-r85/3709/37095587/baby-elephant-statue.jpg,
https://africageographic.com/wp-content/uploads/2017/06/elephant-bull.jpg,
https://pbs.twimg.com/profile_images/731216004429160449/xLwJQpl__400x400.jpg,
https://resources.stuff.co.nz/content/dam/images/1/m/y/5/y/y/image.related.StuffLandscapeSixteenByNine.620x349.1my5x4.png/1510903161848.jpg,
https://www.maxim.com/.image/t_share/MTQ2NDc5NDIzNDIyNDczNzA5/croc-v-elephant-promo2.jpg,
https://cdn-images-1.medium.com/max/640/1*pdD0dEbtyTaYNK7xORZwYQ.png,
http://www.thaielephanthome.com/images/slider/202925slide2.jpg,
https://www.washingtonpost.com/pbox.php?url=https://palomaimages.washingtonpost.com/pr2/727762df93b847e36d8ca69bb6b21561-3388-2159-70-8-20180206T115608Z_255949732_RC14F5338DC0_RTRMADP_3_INDIADAILYLIFE.jpg&w=1484&op=resize&opt=1&filter=antialias&t=20170517,
https://images.unsplash.com/photo-1511282491208-d9b80e3deaee?ixlib=rb-0.3.5&ixid=eyJhcHBfaWQiOjEyMDd9&s=d3954efae046ae82888bff554ef37db3&w=1000&q=80,
https://static01.nyt.com/images/2018/01/25/science/25TB-ELEPHANTS1/25TB-ELEPHANTS1-facebookJumbo-v2.jpg,
https://thumbs-prod.si-cdn.com/JNLslW24ZBANxhknPwPNECv53TY=/800x600/filters:no_upscale()/https://public-media.smithsonianmag.com/filer/d0/74/d074bf4a-6fa2-4e41-bd38-8ddc33936f97/an-elephant-running-in-the-masai-mara-kenya.jpg,
https://brightcove04pmdo-a.akamaihd.net/4221396001/4221396001_5761428083001_5761423581001-vs.jpg?pubId=4221396001&videoId=5761423581001,
https://elephantcountry.org/sites/default/files/images/2016-07/elephant-funny.jpg,
https://gifts.worldwildlife.org/gift-center/Images/large-species-photo/large-African-Elephant-Calf-photo.jpg,
https://upload.wikimedia.org/wikipedia/commons/thumb/9/95/Elephant_Walking_animated.gif/220px-Elephant_Walking_animated.gif,
https://www.rightthisminute.com/sites/default/files/styles/twitter_card/public/videos/images/elephant_acrobatics.jpg?itok=6IDWeTOn,
https://www.sciencenews.org/sites/default/files/main/blogposts/860-Elephas_maximus_Bandipur_free.jpg,
https://pmdvod.nationalgeographic.com/NG_Video/392/819/smpost_1516653466331.jpg,
http://timeinc.brightcove.com.edgesuite.net/rtmp_uds/2111767321001/201711/3574/2111767321001_5649049032001_5648572651001-th.jpg?pubId=2111767321001&videoId=5648572651001,
http://paleosleuths.org/images/animals/elephants/EHAsianElephant.jpg,
https://images.unsplash.com/photo-1503286666306-61c9985f16cc?ixlib=rb-0.3.5&ixid=eyJhcHBfaWQiOjEyMDd9&s=9cb66d9597deae04d38787c7fa7e55d0&w=1000&q=80,
http://www.savetheelephants.org/wp-content/uploads/2018/03/Amboseli-Boys-RW.jpg,
https://mumbaimirror.indiatimes.com/thumb/msid-63679948,width-400,resizemode-4/.jpg,
http://www.pbs.org/wnet/nature/files/2015/08/mezzanine_290-e1444407817553.jpg,
https://naturalhistory.si.edu/onehundredyears/featured_objects/elephant/VenableElephant.jpg,
https://www.unilad.co.uk/wp-content/uploads/2018/03/Screen-Shot-2018-03-28-at-09.39.14.png,
http://honesttopaws.com/wp-content/uploads/sites/5/2017/02/elephant-asks-for-help-1.png,
https://www.rainforest-rescue.org/uploads/photos/article/wide/l/elefant-myanmar-gehaeutet-1.jpg,
https://images.theconversation.com/files/166643/original/file-20170425-12640-ojvxvk.jpg?ixlib=rb-1.1.0&q=45&auto=format&w=926&fit=clip,
http://cdn.directexpose.com/wp-content/uploads/2018/06/elephant-calf-YouTube.jpg,
https://i.guim.co.uk/img/media/ec64743b76c3d34470c9f9aac8116009c398e720/0_352_5760_3456/500.jpg?q=55&auto=format&usm=12&fit=max&s=82889c2178bc19da1a04b8235951b599,
https://media.mnn.com/assets/images/2016/11/Cute-Elephant-Marching.jpg.1000x0_q80_crop-smart.jpg,
https://i.ytimg.com/vi/rtdRnMpN3uk/maxresdefault.jpg,
https://c532f75abb9c1c021b8c-e46e473f8aadb72cf2a8ea564b4e6a76.ssl.cf5.rackcdn.com/2016/08/31/27ti5gwrzr_Julie_Larsen_Maher_3242_African_Elephant_UGA_06_30_10_hr.jpg,
https://www.thoughtco.com/thmb/ZdA4ib6LBAiGbXSFA-xwbzKpusg=/2121x1414/filters:fill(auto,1)/elephantGE1-58c54b9e5f9b58af5c9e8882.jpg,
https://d1o50x50snmhul.cloudfront.net/wp-content/uploads/2017/01/09144055/55551-998529-800x533.jpg,
https://pmdvod.nationalgeographic.com/NG_Video/421/530/smpost_1524166936026.jpg,
https://nationalzoo.si.edu/sites/default/files/webcams/spike-on-cam2.jpg,
https://i.kym-cdn.com/photos/images/original/000/685/404/c01.jpg,
https://c402277.ssl.cf1.rackcdn.com/photos/1140/images/story_full_width/elephants_8.1.2012_whytheymatter2_XL_287397.jpg?1345538433,
https://qph.fs.quoracdn.net/main-qimg-16904a7129f8d18d7227fdddf8aa3efa,
https://37ugp72ofspp25ltkb3ajwvg-wpengine.netdna-ssl.com/wp-content/uploads/pinnock-riffraff-1600x1470.jpg,
http://www.biologicaldiversity.org/assets/img/species/mammals/SavannahElephants_Flickr_SteveGarvie.jpg,
https://cdni.rt.com/files/2018.03/article/5aba4c4adda4c8c04b8b45f9.jpg,
https://upload.wikimedia.org/wikipedia/commons/thumb/e/ea/Forest_elephant.jpg/220px-Forest_elephant.jpg,
http://animals.sandiegozoo.org/sites/default/files/2016-08/animals_hero_elephants.jpg,
https://www.elephantvoices.org/images/slider/evimg5.jpg,
http://www.mikebirkhead.com/images/EyeForAnElephant.jpg,
https://www.elephantnaturepark.org/wp-content/uploads/2016/08/haven-single-new.jpg,
https://imgc.allpostersimages.com/img/posters/donvanstaden-artistic-black-and-white-elephant_u-L-PN2JER0.jpg?src=gp&w=300&h=375,
https://imgs.mongabay.com/wp-content/uploads/sites/20/2018/01/02180611/3-African_elephant-768x512.jpg,
https://www.nature.org/cs/groups/webcontent/@web/@africa/documents/media/elephants-homepage-splash-1600.jpg,
http://images.unsplash.com/photo-1507461476191-0ed4f9f18533?ixlib=rb-0.3.5&q=80&fm=jpg&crop=entropy&cs=tinysrgb&w=1080&fit=max&ixid=eyJhcHBfaWQiOjEyMDd9&s=07143f9fd841144649f9e2c56fa60547,
https://sites.psu.edu/siowfa16/files/2016/10/elephants-show-emotion_cc6d32507f281a67-1hxnfh5.jpg,
https://media.gettyimages.com/photos/elephant-standing-on-white-background-picture-id672151593?s=612x612,
https://elephants-media.s3.amazonaws.com/images/398/original/Sissy%20Winkie%20at%20pond_0016.JPG,
https://elephantcoupons.com/wp-content/uploads/2017/10/elephant-transparent-background.png,
http://paleosleuths.org/images/animals/elephants/elephant-(Eubelodon).jpg,
http://www.birds.cornell.edu/brp/elephant/media/images/home/mainHome2.jpg,
http://cdn.directexpose.com/wp-content/uploads/2018/06/elephant-caretaker-YouTube.jpg,
https://cdn.cnn.com/cnnnext/dam/assets/170927102814-tented-camps-safari-anantara-golden-triangle-super-tease.jpg,
https://fedsoc-cms-public.s3.amazonaws.com/Featured%20Pictures/elephant,
https://www.elephantsinthecoffee.com/uploads/9/1/6/9/91695024/dsc-0022_orig.jpg,
https://www.paigntonzoo.org.uk/userfiles/animals/images/african-elephant2.jpg?w=500&h=600&zc=1&hash=0779ca5233dd6a38f18cd94868a837d9,
http://thehill.com/sites/default/files/styles/thumb_small_article/public/elephant_080318getty.jpg?itok=lCAyvtFf,
https://www.cabq.gov/culturalservices/biopark/images/elephant-banner.jpg,
https://thumbs-prod.si-cdn.com/HoxB1U6YTPAXe1plHJmTz-MSzEQ=/800x600/filters:no_upscale()/https://public-media.smithsonianmag.com/filer/d6/2f/d62fd2c0-853b-47be-a0f8-a19c4b1705f0/smoke_elephant.png,
https://www.worldatlas.com/r/w728-h425-c728x425/upload/85/05/e8/african-elephant.jpg,
https://www.everyelephantcountscontest.org/wp-content/uploads/2017/07/Home-hero.png,
https://fsmedia.imgix.net/34/d8/a1/d2/d84c/432a/aaa3/45417b2922df/honeybee-pheromones-can-repel-elephants-suggesting-a-new-tool-that-can-keep-them-from-coming-into-c.png?auto=format%2Ccompress&w=800&h=800&crop=entropy&fit=crop,
https://www.iucn.org/sites/dev/files/styles/850x500_no_menu_article/public/content/images/2016/copyright_hilde_vanleeuwe_wcs_-_forest_elephant_along_a_river_conkouati-douli_national_park_republic_of_congo.jpg?itok=zag3lyQC,
https://localtvktvi.files.wordpress.com/2018/02/28378227_10155617772212917_3779557010662934066_n.jpg?quality=85&strip=all&w=770,
https://ichef.bbci.co.uk/news/660/cpsprodpb/EA8A/production/_96824006_thailandworldanimalprotectionhighres1016654.jpg,
https://d1u5p3l4wpay3k.cloudfront.net/conanexiles_gamepedia/thumb/4/42/Elephant_front.jpg/300px-Elephant_front.jpg?version=73ae76dc5effc54bfd2384ce07f01628,
http://www.botswana-tours-safaris.net/wp-content/uploads/2018/03/African-Elephant.jpg,
https://static.politico.com/dims4/default/c037ea9/2147483647/resize/1160x%3E/quality/90/?url=https%3A%2F%2Fstatic.politico.com%2F15%2Fc2%2Fbb96cba24e07a7ff8ca1ea9ef1f3%2F171120-elephant-zimbabwe.jpg,
https://images.reference.com/reference-production-images/question/aq/700px-394px/how-fast-can-an-elephant-run_4a36d683-3805-4826-a9ce-e1f561dac754.jpg,
https://us-east-1.tchyn.io/snopes-production/uploads/2018/03/elephant_jumping_faux.jpg?resize=865%2C452,
https://media.mnn.com/assets/images/2017/08/baby-elephant-drinking-water-01.jpg,
https://s3.amazonaws.com/elephants-media/images/173/square/ele%20button%203.jpg,
http://blog.nationalgeographic.org/wp-content/uploads/2013/04/elephant-death-1.jpg,
https://www.outsideonline.com/sites/default/files/styles/full-page/public/2017/11/16/elephant-hunting_h.jpg?itok=-q2zydVc,
http://thewildlife.wbur.org/wp-content/uploads/2018/04/Elephant-and-Twins-WCS-Tanzania-Program.jpg,
http://www.trbimg.com/img-5aa306c2/turbine/ct-edit-elephants-africa-trump-trophy-20180307,
https://elephantconservation.org/iefImages/2009/12/afele1.jpg,
https://s.hswstatic.com/gif/elephant-memory-2.jpg,
https://fieldstudies.org/wp-content/uploads/2017/09/Cambodia-Mondulkuri-Elephant-Banner-2-C.jpg,
https://www.awf.org/sites/default/files/media/gallery/wildlife/Elephant/Billy_Dodson_Tarangire_TZ-e43_30C5707.jpg?itok=oTs3CtVu,
https://lookaside.fbsbx.com/lookaside/crawler/media/?media_id=604892009556291,
https://kids.nationalgeographic.com/content/dam/kids/photos/animals/Mammals/A-G/african-elephant-eating.ngsversion.1411142302210.adapt.1900.1.jpg,
http://www.traveldiscoverkenya.com/wp-content/uploads/2018/05/elephants.jpg,
https://ichef.bbci.co.uk/news/660/cpsprodpb/36B9/production/_94890041_img_4880.jpg,
https://cdn.pixabay.com/photo/2017/06/01/07/31/elephant-2362696_960_720.png,
http://cdn.directexpose.com/wp-content/uploads/2018/06/baby-elephant-south-africa-One-Green-Planet.jpg,
https://d3i6fh83elv35t.cloudfront.net/newshour/app/uploads/2014/09/WEB_258595.jpg,
https://ei.marketwatch.com/Multimedia/2017/11/16/Photos/ZH/MW-FY450_elepha_20171116063928_ZH.jpg?uuid=ce0de3e2-cac2-11e7-847b-9c8e992d421e,
https://greenglobaltravel.com/wp-content/uploads/Baby-Elephant-in-Kruger-National-Park.jpg,
https://i.ytimg.com/vi/2Ktjx9yDIO8/maxresdefault.jpg,
https://www.allaboutami.com/wp-content/uploads/2016/12/wsi-imageoptim-L1017697-logo-800x571.jpg,
https://media.gettyimages.com/photos/asian-elephant-picture-id169940960?b=1&k=6&m=169940960&s=612x612&w=0&h=qwxtiFHalv78i42HvmdAhdcbWsB0u7cquovaYppnalQ=,
https://i.kinja-img.com/gawker-media/image/upload/s--6THBidWp--/c_scale,f_auto,fl_progressive,q_80,w_800/xnvmlsgtghn9ezsf85iv.jpg,
https://www.elephantsforever.co.za/images/11-k.jpg,
http://hesc.co.za/wp-content/uploads/2016/04/african-elephant-tile.jpg,
https://www.dw.com/image/18641793_303.jpg,
https://i.amz.mshcdn.com/HqPVoxJQvkJhwRZn0fUFfZbqo7M=/950x534/filters:quality(90)/https%3A%2F%2Fblueprint-api-production.s3.amazonaws.com%2Fuploads%2Fcard%2Fimage%2F727967%2F7888a3ef-c512-4608-9efb-a0ed38eaef21.jpg,
https://www.elephantconservationcenter.com/wp-content/uploads/2017/10/Kiko_ElephantConservationCenter_Sayaboury_Laos-9-1.jpg,
https://cdn.images.dailystar.co.uk/dynamic/1/photos/607000/620x/elephant-crush-kruger-594176.jpg,
http://a57.foxnews.com/images.foxnews.com/content/fox-news/world/2018/04/14/dramatic-video-shows-safari-guide-stopping-charging-elephant-with-his-hand/_jcr_content/par/featured_image/media-0.img.jpg/0/0/1523714690849.jpg?ve=1,
https://secure.img1-fg.wfcdn.com/im/09803593/resize-h310-w310%5Ecompr-r85/3120/31204055/walking-elephant-figurine.jpg,
https://wonderopolis.org/wp-content/uploads/2017/05/Elephant_Weightdreamstime_xl_15926876.jpg,
https://nationalzoo.si.edu/sites/default/files/newsroom/asian_elephant_spikes_debut_649a9863.jpg,
http://www.fggam.org/wp-content/uploads/2013/09/elehant-2.jpg,
https://img.purch.com/h/1000/aHR0cDovL3d3dy5saXZlc2NpZW5jZS5jb20vaW1hZ2VzL2kvMDAwLzA4OS85ODYvb3JpZ2luYWwvZWxlcGhhbnQtY29sbGFyLXNsZWVwLkpQRw==,
https://media.gettyimages.com/photos/free-african-elephant-picture-id494033634?s=612x612,
https://d2r55xnwy6nx47.cloudfront.net/uploads/2017/11/Elephant_2880x1920_Hed-2880x1920.jpg,
https://media-cdn.tripadvisor.com/media/photo-s/0d/76/38/71/elephant-jungle-sanctuary.jpg,
https://images.earthtouchnews.com/media/385734/elephant-car-scratch-4-2014-08-08.jpg,
http://www.pbs.org/wnet/nature/files/2017/09/Naledi-Promotional-Still-4.jpg,
https://media1.s-nbcnews.com/i/MSNBC/Components/Video/201803/n_bwms_elephants_180306_1920x1080.jpg,
https://static.independent.co.uk/s3fs-public/thumbnails/image/2018/08/04/17/elephant.jpg,
https://www.royalrobbins.com/blog/wp-content/uploads/2018/03/elephant-rider-1080x958.jpg,
http://www.krugerpark.co.za/images/1-kruger-park-elephant-calf-duplessis-590.jpg,
http://7gigzxopz0uiqxo1-zippykid.netdna-ssl.com/wp-content/uploads/2014/10/painting.jpg,
https://www.sanctuaryretreats.com/media/5762338/elephants-2.jpg,
https://media.newyorker.com/photos/59096f81c14b3c606c107c0a/4:3/w_620,c_limit/100405_r19363a_p646.jpg,
https://www.wwf.org.uk/sites/default/files/styles/adopt_background/public/2017-02/african_elephant_with_calf.jpg?h=1bd69aa3&itok=jndCh27j,
https://drscdn.500px.org/photo/3721781/m%3D900/v2?webp=true&sig=e859e43c0991a9fdc13b37510cd9e1895146c03e867451f3b2b6aab288f2d419,
http://kwtri4b8r0ep8ho61118ipob.wpengine.netdna-cdn.com/wp-content/uploads/2017/11/wild-elephant-1724232_1280.jpg,
https://media.gq.com/photos/59b83569d6b9e24d62a99629/master/w_800/Who-Wants-TO-Shoot-an-ELEPHANT.jpg,
https://inhabitat.com/wp-content/blogs.dir/1/files/2016/07/African-elephant.jpg,
https://i.dailymail.co.uk/i/pix/2017/07/19/15/427A81FB00000578-4710872-image-m-28_1500474463517.jpg,
https://bardiahomestay.com/wp-content/uploads/2016/06/elephant-breeding-centre-bardia-national-park-wild-elephant-e1466328760859.jpg,
https://news.nationalgeographic.com/content/dam/news/photos/000/306/30651.ngsversion.1421960098780.adapt.1900.1.jpg,
https://photos.smugmug.com/Asia/Thailand/i-tK8jKNZ/0/XL/elephant-nature-reserve-XL.jpg,
http://www.ompe.org/wp-content/uploads/2016/10/comment-proteger-elephants-afrique.jpg,
https://upload.wikimedia.org/wikipedia/commons/thumb/9/91/African_Elephant_%28Loxodonta_africana%29_bull_%2831100819046%29.jpg/200px-African_Elephant_%28Loxodonta_africana%29_bull_%2831100819046%29.jpg,
http://d2ouvy59p0dg6k.cloudfront.net/img/original/selous_tusker_bush_wwf_gary_roberts_alamy_stock_photo.jpg,
https://static.scientificamerican.com/sciam/cache/file/D1FCCE51-3227-4E2A-816AA61A15D2DC6B.jpg?w=590&h=393&256BB385-736E-4D24-91414853C179D3BE,
https://s.hswstatic.com/gif/elephant-memory-orig.jpg,
http://thehill.com/sites/default/files/styles/thumb_small_article/public/elephants.jpg?itok=0JKKtRpL,
http://kids.sandiegozoo.org/sites/default/files/2017-07/elephant-tusks.jpg,
https://i.amz.mshcdn.com/CT2S9-ZofGa1sQ3oGCf5rhKOymM=/1200x630/2017%2F02%2F21%2F07%2F0f09e6ace4684d3183748b28e82fb4ba.74d0f.jpg,
http://upload.wikimedia.org/wikipedia/commons/7/78/Elephant_show_in_Chiang_Mai_P1110469.JPG,
https://s3.amazonaws.com/nrdc-actionkit/images/aa-2484-ban-elephant-trophies2.jpg,
http://honesttopaws.com/wp-content/uploads/sites/5/2017/09/elephant-dig-2.png,
http://www.cbc.ca/natureofthings/content/images/blog/elephantPTSD.jpg,
https://s3.amazonaws.com/elephants-media/images/195/square/ele%20button%204.jpg,
https://assets3.thrillist.com/v1/image/2765716/size/tmg-article_tall;jpeg_quality=20.jpg,
http://ppcdn.500px.org/907110/cb4eb89959781c550484d8607fdae993d0a4201d/3.jpg,
https://assets.bwbx.io/images/users/iqjWHBFdfxIU/ipUzCazIowbQ/v1/600x-1.jpg,
http://elephantswithoutborders.org/site/wp-content/uploads/tracking_elephant_collar.jpg,
https://cdn.pixabay.com/photo/2017/06/07/10/47/elephant-2380009_960_720.jpg,
https://www.thesun.co.uk/wp-content/uploads/2017/04/as-comp-elephant-1.jpg?strip=all&quality=100&w=750&h=500&crop=1,
